{
  "dimensions": {
    "minecraft:overworld": {
      "type": "minecraft:overworld",
      "generator": {
        "type": "minecraft:flat",
        "settings": {
          "biome": "minecraft:plains",
          "lakes": false,
          "features": false,
          "layers": [
            {
              "block": "minecraft:air",
              "height": 1
            }
          ],
          "structure_overrides": []
        }
      }
    },
    "minecraft:the_end": {
      "type": "minecraft:the_end",
      "generator": {
        "type": "minecraft:flat",
        "settings": {
          "biome": "minecraft:the_end",
          "lakes": false,
          "features": false,
          "layers": [
            {
              "block": "minecraft:air",
              "height": 1
            }
          ],
          "structure_overrides": []
        }
      }
    },
    "minecraft:the_nether": {
      "type": "minecraft:the_nether",
      "generator": {
        "type": "minecraft:flat",
        "settings": {
          "biome": "minecraft:nether_wastes",
          "lakes": false,
          "features": false,
          "layers": [
            {
              "block": "minecraft:air",
              "height": 1
            }
          ],
          "structure_overrides": []
        }
      }
    }
  }
}
