{
  "type": "minecraft:flower",
  "config": {
    "tries": 32,
    "xz_spread": 7,
    "y_spread": 5,
    "feature": {
      "feature": {
        "type": "minecraft:simple_block",
        "config": {
          "to_place": {
            "entries": [
              {
                "weight": 7,
                "data": {
                  "Name": "minecraft:grass"
                }
              },
              {
                "weight": 1,
                "data": {
                  "Name": "minecraft:fern"
                }
              },
              {
                "weight": 1,
                "data": {
                  "Name": "minecraft:cornflower"
                }
              },
              {
                "weight": 1,
                "data": {
                  "Name": "minecraft:dandelion"
                }
              },
              {
                "weight": 1,
                "data": {
                  "Name": "minecraft:poppy"
                }
              },
              {
                "weight": 1,
                "data": {
                  "Name": "minecraft:allium"
                }
              },
              {
                "weight": 1,
                "data": {
                  "Name": "minecraft:blue_orchid"
                }
              },
              {
                "weight": 1,
                "data": {
                  "Name": "minecraft:oxeye_daisy"
                }
              }
            ],
            "type": "minecraft:weighted_state_provider"
          }
        }
      },
      "placement": [
        {
          "type": "minecraft:block_predicate_filter",
          "predicate": {
            "type": "minecraft:all_of",
            "predicates": [
              {
                "type": "minecraft:matching_blocks",
                "blocks": [
                  "minecraft:air"
                ]
              }
            ]
          }
        }
      ]
    }
  }
}
