{
  "type": "minecraft:tree",
  "config": {
    "max_water_depth": 1,
    "ignore_vines": false,
    "heightmap": "OCEAN_FLOOR",
    "minimum_size": {
      "type": "minecraft:three_layers_feature_size",
      "lower_size": 3,
      "middle_size": 2,
      "upper_size": 1
    },
    "trunk_provider": {
      "type": "minecraft:simple_state_provider",
      "state": {
        "Name": "minecraft:oak_log",
        "Properties": {
          "axis": "y"
        }
      }
    },
    "foliage_provider": {
      "type": "minecraft:simple_state_provider",
      "state": {
        "Name": "minecraft:oak_leaves",
        "Properties": {
          "persistent": "false",
          "distance": "7"
        }
      }
    },
    "trunk_placer": {
      "type": "minecraft:straight_trunk_placer",
      "base_height": 5,
      "height_rand_a": 3,
      "height_rand_b": 0
    },
    "foliage_placer": {
      "type": "minecraft:acacia_foliage_placer",
      "radius": 3,
      "offset": 0,
      "height": 3
    },
    "sapling_provider": {
      "state": {
        "Properties": {
          "stage": "0"
        },
        "Name": "minecraft:oak_sapling"
      },
      "type": "minecraft:simple_state_provider"
    },
    "dirt_provider": {
      "state": {
        "Name": "minecraft:dirt"
      },
      "type": "minecraft:simple_state_provider"
    },
    "decorators": []
  }
}
