{
    "condition": "minecraft:entity_properties",
    "entity": "this",
    "predicate": {
        "type": "minecraft:player",
        "equipment": {
            "mainhand": {
                "items": [
                    "minecraft:stone_axe",
                    "minecraft:netherite_axe",
                    "minecraft:iron_axe",
                    "minecraft:diamond_axe",
                    "minecraft:golden_axe",
                    "minecraft:wooden_axe"
                ]
            }
        }
    }
}