{
  "scale": 0.4,
  "effects": {
    "sky_color": 8394496,
  "foliage_color": 2361088,
    "fog_color": 15908244,
  "grass_color": 2361088,
    "water_color": 62207,
    "water_fog_color": 10414079
  },
  "surface_builder": "minecraft:basalt_deltas",
  "carvers": {
    "air": [
      "minecraft:cave",
      "minecraft:canyon"
    ]
  },
  "features": [
    [],
    [
      "minecraft:lake_lava"
  ],
    [],
    [],
    [
      "minecraft:delta"
    ],
    [],
    [
      "minecraft:ore_debris_large"
  ],
    [],
    [
    ],
    []
  ],
  "starts": [
  ],
  "spawners": {
    "monster": [],
    "creature": [
      {
        "type": "minecraft:blaze",
        "weight": 12,
        "minCount": 4,
        "maxCount": 4
      },
      {
        "type": "minecraft:ghast",
        "weight": 10,
        "minCount": 4,
        "maxCount": 4
      },
      {
        "type": "minecraft:wither_skeleton",
        "weight": 10,
        "minCount": 4,
        "maxCount": 4
      },
    {
        "type": "minecraft:magma_cube",
        "weight": 8,
        "minCount": 3,
        "maxCount": 8
      },
    {
        "type": "minecraft:skeleton",
        "weight": 10,
        "minCount": 1,
        "maxCount": 3
      },
      {
        "type": "minecraft:strider",
        "weight": 6,
        "minCount": 2,
        "maxCount": 4
      }
    ],
    "ambient": [],
    "water_creature": [],
    "water_ambient": [],
    "misc": []
  },
  "spawn_costs": {},
  "player_spawn_friendly": true,
  "precipitation": "none",
  "temperature": 1,
  "downfall": 0,
  "category": "nether",
  "depth": -0.6
}