{
  "pools": [
    {
      "rolls": {
        "min": 4,
        "max": 19
      },
      "bonus_rolls": {
        "min": 0,
        "max": 9.7
      },
      "entries": [
        {
          "type": "item",
          "name": "minecraft:emerald",
          "weight": 2,
          "functions": [
            {
              "function": "set_count",
              "count": {
                "min": 1,
                "max": 23
              }
            }
          ]
        },
        {
          "type": "item",
          "name": "minecraft:paper",
          "weight": 3,
          "functions": [
            {
              "function": "set_count",
              "count": {
                "min": 1,
                "max": 45
              }
            }
          ]
        },
        {
          "type": "item",
          "name": "minecraft:bookshelf",
          "weight": 1,
          "functions": [
            {
              "function": "set_count",
              "count": {
                "min": 1,
                "max": 6
              }
            }
          ]
        },
        {
          "type": "item",
          "name": "minecraft:soul_lantern",
          "weight": 1,
          "functions": [
            {
              "function": "set_count",
              "count": {
                "min": 1,
                "max": 12
              }
            }
          ]
        },
        {
          "type": "item",
          "name": "minecraft:glass",
          "weight": 1,
          "functions": [
            {
              "function": "set_count",
              "count": {
                "min": 1,
                "max": 18
              }
            }
          ]
        },
        {
          "type": "item",
          "name": "minecraft:clock",
          "weight": 1
        },
        {
          "type": "item",
          "name": "minecraft:compass",
          "weight": 1
        },
        {
          "type": "item",
          "name": "minecraft:writable_book",
          "weight": 1
        },
        {
          "type": "item",
          "name": "minecraft:ink_sac",
          "weight": 1,
          "functions": [
            {
              "function": "set_count",
              "count": {
                "min": 1,
                "max": 14
              }
            }
          ]
        },
        {
          "type": "item",
          "name": "minecraft:name_tag",
          "weight": 1
        },
        {
          "type": "item",
          "name": "minecraft:book",
          "weight": 1,
          "functions": [
            {
              "function": "enchant_with_levels",
              "treasure": true,
              "levels": {
                "min": 20,
                "max": 39
              }
            }
          ]
        },
        {
          "type": "item",
          "name": "minecraft:book",
          "weight": 1,
          "functions": [
            {
              "function": "enchant_with_levels",
              "treasure": true,
              "levels": {
                "min": 28,
                "max": 44
              }
            }
          ]
        },
        {
          "type": "item",
          "name": "minecraft:book",
          "weight": 1,
          "functions": [
            {
              "function": "enchant_with_levels",
              "treasure": true,
              "levels": {
                "min": 33,
                "max": 50
              }
            }
          ]
        },
        {
          "type": "item",
          "name": "minecraft:air",
          "weight": 4,
          "functions": [
            {
              "function": "set_count",
              "count": {
                "min": 1,
                "max": 1
              }
            }
          ]
        }
      ]
    }
  ]
}