{
  "config": {
    "feature": {
      "config": {
        "feature": {
          "config": {
            "feature": {
              "config": {
                "can_replace": false,
                "project": true,
                "need_water": false,
                "xspread": 7,
                "yspread": 5,
                "zspread": 7,
                "whitelist": [],
                "blacklist": [],
                "tries": 128,
                "state_provider": {
                  "entries": [
                    {
                  "weight": 7,
                  "data": {
                    "Name": "minecraft:grass"
                  }
                },
                {
                  "weight": 1,
                  "data": {
                    "Name": "minecraft:fern"
                  }
                },
                {
                  "weight": 1,
                  "data": {
                    "Name": "minecraft:cornflower"
                  }
                },
                {
                  "weight": 1,
                  "data": {
                    "Name": "minecraft:dandelion"
                  }
                },
                {
                  "weight": 1,
                  "data": {
                    "Name": "minecraft:poppy"
                  }
                },
                {
                  "weight": 1,
                  "data": {
                    "Name": "minecraft:allium"
                  }
                },
                {
                  "weight": 1,
                  "data": {
                    "Name": "minecraft:blue_orchid"
                  }
                },
                {
                  "weight": 1,
                  "data": {
                    "Name": "minecraft:oxeye_daisy"
                  }
                }
                  ],
                  "type": "minecraft:weighted_state_provider"
                },
                "block_placer": {
                  "type": "minecraft:simple_block_placer"
                }
              },
              "type": "minecraft:flower"
            },
            "decorator": {
              "config": {},
              "type": "minecraft:spread_32_above"
            }
          },
          "type": "minecraft:decorated"
        },
        "decorator": {
          "config": {
            "outer": {
              "config": {},
              "type": "minecraft:square"
            },
            "inner": {
              "config": {
                "heightmap": "MOTION_BLOCKING"
              },
              "type": "minecraft:heightmap"
            }
          },
          "type": "minecraft:decorated"
        }
      },
      "type": "minecraft:decorated"
    },
    "decorator": {
      "config": {
        "count": 78
      },
      "type": "minecraft:count"
    }
  },
  "type": "minecraft:decorated"
}