{
  "type": "minecraft:random_selector",
  "config": {
    "features": [
      {
        "chance": 0.005,
        "feature": "oak:s_beehive"
      },
      {
        "chance": 0.05,
        "feature": "oak:s_vine"
      },
      {
        "chance": 0.05,
        "feature": "oak:m_normal"
      },
      {
        "chance": 0.005,
        "feature": "oak:m_beehive"
      },
      {
        "chance": 0.05,
        "feature": "oak:m_vine"
      },
      {
        "chance": 0.05,
        "feature": "oak:s_stripped"
      },
      {
        "chance": 0.05,
        "feature": "oak:m_stripped"
      },
      {
        "chance": 0.05,
        "feature": "oak:s_tall"
      },
      {
        "chance": 0.05,
        "feature": "oak:fancy_tall"
      },
      {
        "chance": 0.05,
        "feature": "oak:fork_blob"
      },
      {
        "chance": 0.05,
        "feature": "oak:fork_bush"
      },
      {
        "chance": 0.05,
        "feature": "oak:fallen_tree"
      },
      {
        "chance": 0.05,
        "feature": "oak:s_root"
      },
      {
        "chance": 0.05,
        "feature": "oak:m_root"
      }
    ],
    "default": "oak:s_normal"
  }
}
