{
  "bedrock_roof_position": -10,
  "bedrock_floor_position": -10,
  "sea_level": 0,
  "disable_mob_generation": false,
  "structures": {
    "stronghold": {
      "distance": 45,
      "spread": 5,
      "count": 128
    },
	"structures": {
	"minecraft:village": {
        "spacing": 2,
        "separation": 1,
        "salt": 10387312
	},
	"minecraft:stronghold": {
        "spacing": 1,
        "separation": 0,
        "salt": 0
	}
	}
  },
  "noise": {
    "density_factor": 0.0,
    "density_offset": 0.0,
    "simplex_surface_noise": true,
    "bottom_slide": {
      "target": -20,
      "size": 7,
      "offset": 1
    },
    "size_horizontal": 2,
    "size_vertical": 2.5,
    "height": 200,
    "sampling": {
      "xz_scale": 1.5,
      "y_scale": 3.0,
      "xz_factor": 80.0,
      "y_factor": 180.0
    },
    "top_slide": {
      "target": -15,
      "size": 12,
      "offset": -18
    }
  },
  "default_block": {
    "Name": "minecraft:smooth_quartz"
  },
  "default_fluid": {
    "Properties": {
      "level": "0"
    },
    "Name": "minecraft:water"
  }
}