{
  "pools": [
    {
      "rolls": {
        "min": 4,
        "max": 19
      },
      "bonus_rolls": {
        "min": 0,
        "max": 9.7
      },
      "entries": [
        {
          "type": "item",
          "name": "minecraft:cooked_porkchop",
          "weight": 2,
          "functions": [
            {
              "function": "set_count",
              "count": {
                "min": 1,
                "max": 46
              }
            }
          ]
        },
        {
          "type": "item",
          "name": "minecraft:cooked_cod",
          "weight": 1,
          "functions": [
            {
              "function": "set_count",
              "count": {
                "min": 1,
                "max": 17
              }
            }
          ]
        },
        {
          "type": "item",
          "name": "minecraft:cooked_chicken",
          "weight": 2,
          "functions": [
            {
              "function": "set_count",
              "count": {
                "min": 1,
                "max": 24
              }
            }
          ]
        },
        {
          "type": "item",
          "name": "minecraft:cooked_rabbit",
          "weight": 2,
          "functions": [
            {
              "function": "set_count",
              "count": {
                "min": 1,
                "max": 29
              }
            }
          ]
        },
        {
          "type": "item",
          "name": "minecraft:cooked_mutton",
          "weight": 2,
          "functions": [
            {
              "function": "set_count",
              "count": {
                "min": 1,
                "max": 30
              }
            }
          ]
        },
        {
          "type": "item",
          "name": "minecraft:dried_kelp_block",
          "weight": 1,
          "functions": [
            {
              "function": "set_count",
              "count": {
                "min": 1,
                "max": 7
              }
            }
          ]
        },
        {
          "type": "item",
          "name": "minecraft:sweet_berries",
          "weight": 1,
          "functions": [
            {
              "function": "set_count",
              "count": {
                "min": 1,
                "max": 19
              }
            }
          ]
        },
        {
          "type": "item",
          "name": "minecraft:coal",
          "weight": 1,
          "functions": [
            {
              "function": "set_count",
              "count": {
                "min": 0,
                "max": 50
              }
            }
          ]
        },
        {
          "type": "item",
          "name": "minecraft:coal_block",
          "weight": 1,
          "functions": [
            {
              "function": "set_count",
              "count": {
                "min": 1,
                "max": 8
              }
            }
          ]
        },
        {
          "type": "item",
          "name": "minecraft:cooked_beef",
          "weight": 2,
          "functions": [
            {
              "function": "set_count",
              "count": {
                "min": 1,
                "max": 23
              }
            }
          ]
        },
        {
          "type": "item",
          "name": "minecraft:emerald",
          "weight": 2,
          "functions": [
            {
              "function": "set_count",
              "count": {
                "min": 1,
                "max": 23
              }
            }
          ]
        },
        {
          "type": "item",
          "name": "minecraft:air",
          "weight": 7,
          "functions": [
            {
              "function": "set_count",
              "count": {
                "min": 1,
                "max": 1
              }
            }
          ]
        }
      ]
    }
  ]
}