{
  "pools": [
    {
      "rolls": {
        "min": 2,
        "max": 15
      },
      "bonus_rolls": {
        "min": 0,
        "max": 6.4
      },
      "entries": [
        {
          "type": "minecraft:item",
          "weight": 3,
          "name": "minecraft:paper",
          "functions": [
            {
              "function": "minecraft:set_count",
              "count": {
                "min": 1,
                "max": 16
              }
            }
          ]
        },
        {
          "type": "minecraft:item",
          "weight": 2,
          "name": "minecraft:glass_pane",
          "functions": [
            {
              "function": "minecraft:set_count",
              "count": {
                "min": 1,
                "max": 19
              }
            }
          ]
        },
        {
          "type": "minecraft:item",
          "weight": 2,
          "name": "minecraft:emerald",
          "functions": [
            {
              "function": "minecraft:set_count",
              "count": {
                "min": 1,
                "max": 12
              }
            }
          ]
        },
        {
          "type": "minecraft:item",
          "weight": 1,
          "name": "minecraft:compass"
        },
        {
          "type": "minecraft:item",
          "weight": 1,
          "name": "minecraft:clock"
        },
        {
          "type": "minecraft:item",
          "weight": 1,
          "name": "minecraft:item_frame",
          "functions": [
            {
              "function": "minecraft:set_count",
              "count": {
                "min": 1,
                "max": 5
              }
            }
          ]
        },
        {
          "type": "minecraft:item",
          "weight": 2,
          "name": "minecraft:map"
        },
        {
          "type": "minecraft:item",
          "weight": 1,
          "name": "minecraft:white_banner"
        },
        {
          "type": "minecraft:item",
          "weight": 1,
          "name": "minecraft:black_banner"
        },
        {
          "type": "minecraft:item",
          "weight": 2,
          "name": "minecraft:spyglass"
        },
        {
          "type": "minecraft:item",
          "weight": 3,
          "name": "minecraft:air"
        }
      ]
    }
  ]
}