{
  "pools": [
    {
      "rolls": {
        "min": 5,
        "max": 18
      },
      "bonus_rolls": {
        "min": 1.1,
        "max": 6.2
      },
      "entries": [
        {
          "type": "item",
          "name": "minecraft:wheat",
          "weight": 3,
          "functions": [
            {
              "function": "set_count",
              "count": {
                "min": 11,
                "max": 31
              }
            }
          ]
        },
        {
          "type": "item",
          "name": "minecraft:wheat_seeds",
          "weight": 2,
          "functions": [
            {
              "function": "set_count",
              "count": {
                "min": 1,
                "max": 24
              }
            }
          ]
        },
        {
          "type": "item",
          "name": "minecraft:pumpkin_seeds",
          "weight": 1,
          "functions": [
            {
              "function": "set_count",
              "count": {
                "min": 1,
                "max": 29
              }
            }
          ]
        },
        {
          "type": "item",
          "name": "minecraft:melon_seeds",
          "weight": 1,
          "functions": [
            {
              "function": "set_count",
              "count": {
                "min": 1,
                "max": 31
              }
            }
          ]
        },
        {
          "type": "item",
          "name": "minecraft:beetroot_seeds",
          "weight": 1,
          "functions": [
            {
              "function": "set_count",
              "count": {
                "min": 1,
                "max": 31
              }
            }
          ]
        },
        {
          "type": "item",
          "name": "minecraft:emerald",
          "weight": 1,
          "functions": [
            {
              "function": "set_count",
              "count": {
                "min": 1,
                "max": 23
              }
            }
          ]
        },
        {
          "type": "item",
          "name": "minecraft:golden_carrot",
          "weight": 3,
          "functions": [
            {
              "function": "set_count",
              "count": {
                "min": 1,
                "max": 30
              }
            }
          ]
        },
        {
          "type": "item",
          "name": "minecraft:glistering_melon_slice",
          "weight": 3,
          "functions": [
            {
              "function": "set_count",
              "count": {
                "min": 1,
                "max": 26
              }
            }
          ]
        },
        {
          "type": "item",
          "name": "minecraft:apple",
          "weight": 1,
          "functions": [
            {
              "function": "set_count",
              "count": {
                "min": 1,
                "max": 26
              }
            }
          ]
        },
        {
          "type": "item",
          "name": "minecraft:golden_apple",
          "weight": 2,
          "functions": [
            
            {
              "function": "set_count",
              "count": {
                "min": 1,
                "max": 12
              }
            }
          ]
        },
        {
          "type": "item",
          "name": "minecraft:enchanted_golden_apple",
          "weight": 1,
          "functions": [
            
            {
              "function": "set_count",
              "count": 1
            }
          ]
        },
        {
          "type": "item",
          "name": "minecraft:melon_slice",
          "weight": 1,
          "functions": [
            {
              "function": "set_count",
              "count": {
                "min": 1,
                "max": 9
              }
            }
          ]
        },
        {
          "type": "item",
          "name": "minecraft:melon",
          "weight": 1,
          "functions": [
            {
              "function": "set_count",
              "count": {
                "min": 1,
                "max": 6
              }
            }
          ]
        },
        {
          "type": "item",
          "name": "minecraft:carrot",
          "weight": 1,
          "functions": [
            {
              "function": "set_count",
              "count": {
                "min": 1,
                "max": 30
              }
            }
          ]
        },
        {
          "type": "item",
          "name": "minecraft:bread",
          "weight": 2,
          "functions": [
            {
              "function": "set_count",
              "count": {
                "min": 1,
                "max": 36
              }
            }
          ]
        },
        {
          "type": "item",
          "name": "minecraft:beetroot",
          "weight": 1,
          "functions": [
            {
              "function": "set_count",
              "count": {
                "min": 1,
                "max": 33
              }
            }
          ]
        },
        {
          "type": "item",
          "name": "minecraft:potato",
          "weight": 2,
          "functions": [
            {
              "function": "set_count",
              "count": {
                "min": 1,
                "max": 46
              }
            }
          ]
        },
        {
          "type": "item",
          "name": "minecraft:baked_potato",
          "weight": 1,
          "functions": [
            {
              "function": "set_count",
              "count": {
                "min": 1,
                "max": 20
              }
            }
          ]
        },
        {
          "type": "item",
          "name": "minecraft:air",
          "weight": 6,
          "functions": [
            {
              "function": "set_count",
              "count": {
                "min": 1,
                "max": 1
              }
            }
          ]
        }
      ]
    }
  ]
}