{
  "pools": [
    {
      "rolls": {
        "min": 2,
        "max": 15
      },
      "bonus_rolls": {
        "min": 0,
        "max": 6.4
      },
      "entries": [
        {
          "type": "minecraft:item",
          "weight": 3,
          "name": "minecraft:emerald",
          "functions": [
            {
              "function": "minecraft:set_count",
              "count": {
                "min": 1,
                "max": 20
              }
            }
          ]
        },
        {
          "type": "minecraft:item",
          "weight": 2,
          "name": "minecraft:flint",
          "functions": [
            {
              "function": "minecraft:set_count",
              "count": {
                "min": 1,
                "max": 21
              }
            }
          ]
        },
        {
          "type": "minecraft:item",
          "weight": 2,
          "name": "minecraft:leather",
          "functions": [
            {
              "function": "minecraft:set_count",
              "count": {
                "min": 1,
                "max": 21
              }
            }
          ]
        },
        {
          "type": "minecraft:item",
          "weight": 1,
          "name": "minecraft:rabbit_hide",
          "functions": [
            {
              "function": "minecraft:set_count",
              "count": {
                "min": 1,
                "max": 17
              }
            }
          ]
        },
        {
          "type": "minecraft:item",
          "weight": 2,
          "name": "minecraft:saddle"
        },
        {
          "type": "minecraft:item",
          "weight": 1,
          "name": "minecraft:painting"
        },
        {
          "type": "minecraft:item",
          "weight": 1,
          "name": "minecraft:shears"
        },
        {
          "type": "minecraft:item",
          "weight": 2,
          "name": "minecraft:air"
        },
        {
          "type": "minecraft:item",
          "weight": 1,
          "quality": 3,
          "name": "minecraft:elytra",
          "functions": [
            {
              "function": "minecraft:set_damage",
              "damage": {
                "min": 20,
                "max": 430
              }
            }
          ]
        },
        {
          "type": "minecraft:item",
          "weight": 1,
          "name": "minecraft:phantom_membrane",
          "functions": [
            {
              "function": "minecraft:set_count",
              "count": {
                "min": 1,
                "max": 3
              }
            }
          ]
        }
      ]
    }
  ]
}