{
  "name": "heaven:village/flower/streets",
  "fallback": "minecraft:empty",
  "elements": [
    {
      "weight": 2,
      "element": {
        "location": "heaven:village/flower/streets/corner_01",
        "processors": "minecraft:street_snowy_or_taiga",
        "projection": "terrain_matching",
        "element_type": "minecraft:legacy_single_pool_element"
      }
    },
    {
      "weight": 2,
      "element": {
        "location": "heaven:village/flower/streets/corner_02",
        "processors": "minecraft:street_snowy_or_taiga",
        "projection": "terrain_matching",
        "element_type": "minecraft:legacy_single_pool_element"
      }
    },
    {
      "weight": 2,
      "element": {
        "location": "heaven:village/flower/streets/corner_03",
        "processors": "minecraft:street_snowy_or_taiga",
        "projection": "terrain_matching",
        "element_type": "minecraft:legacy_single_pool_element"
      }
    },
    {
      "weight": 4,
      "element": {
        "location": "heaven:village/heaven/streets/straight_01",
        "processors": "minecraft:street_snowy_or_taiga",
        "projection": "terrain_matching",
        "element_type": "minecraft:legacy_single_pool_element"
      }
    },
    {
      "weight": 4,
      "element": {
        "location": "heaven:village/heaven/streets/straight_02",
        "processors": "minecraft:street_snowy_or_taiga",
        "projection": "terrain_matching",
        "element_type": "minecraft:legacy_single_pool_element"
      }
    },
    {
      "weight": 4,
      "element": {
        "location": "heaven:village/heaven/streets/straight_03",
        "processors": "minecraft:street_snowy_or_taiga",
        "projection": "terrain_matching",
        "element_type": "minecraft:legacy_single_pool_element"
      }
    },
    {
      "weight": 7,
      "element": {
        "location": "heaven:village/heaven/streets/straight_04",
        "processors": "minecraft:street_snowy_or_taiga",
        "projection": "terrain_matching",
        "element_type": "minecraft:legacy_single_pool_element"
      }
    },
    {
      "weight": 7,
      "element": {
        "location": "heaven:village/heaven/streets/straight_05",
        "processors": "minecraft:street_snowy_or_taiga",
        "projection": "terrain_matching",
        "element_type": "minecraft:legacy_single_pool_element"
      }
    },
    {
      "weight": 4,
      "element": {
        "location": "heaven:village/heaven/streets/straight_06",
        "processors": "minecraft:street_snowy_or_taiga",
        "projection": "terrain_matching",
        "element_type": "minecraft:legacy_single_pool_element"
      }
    },
    {
      "weight": 1,
      "element": {
        "location": "heaven:village/heaven/streets/crossroad_01",
        "processors": "minecraft:street_snowy_or_taiga",
        "projection": "terrain_matching",
        "element_type": "minecraft:legacy_single_pool_element"
      }
    },
    {
      "weight": 1,
      "element": {
        "location": "heaven:village/heaven/streets/crossroad_02",
        "processors": "minecraft:street_snowy_or_taiga",
        "projection": "terrain_matching",
        "element_type": "minecraft:legacy_single_pool_element"
      }
    },
    {
      "weight": 2,
      "element": {
        "location": "heaven:village/heaven/streets/crossroad_03",
        "processors": "minecraft:street_snowy_or_taiga",
        "projection": "terrain_matching",
        "element_type": "minecraft:legacy_single_pool_element"
      }
    },
    {
      "weight": 2,
      "element": {
        "location": "heaven:village/heaven/streets/crossroad_04",
        "processors": "minecraft:street_snowy_or_taiga",
        "projection": "terrain_matching",
        "element_type": "minecraft:legacy_single_pool_element"
      }
    },
    {
      "weight": 2,
      "element": {
        "location": "heaven:village/heaven/streets/crossroad_05",
        "processors": "minecraft:street_snowy_or_taiga",
        "projection": "terrain_matching",
        "element_type": "minecraft:legacy_single_pool_element"
      }
    },
    {
      "weight": 2,
      "element": {
        "location": "heaven:village/heaven/streets/crossroad_06",
        "processors": "minecraft:street_snowy_or_taiga",
        "projection": "terrain_matching",
        "element_type": "minecraft:legacy_single_pool_element"
      }
    },
    {
      "weight": 3,
      "element": {
        "location": "heaven:village/heaven/streets/turn_01",
        "processors": "minecraft:street_snowy_or_taiga",
        "projection": "terrain_matching",
        "element_type": "minecraft:legacy_single_pool_element"
      }
    }
  ]
}