{
  "type": "heaven:sky",
  "generator": {
    "biome_source": {
      "biomes": [
        {
          "parameters": {
            "erosion": 0,
            "depth": 0,
            "weirdness": 0,
            "offset": 0,
            "temperature": 0,
            "humidity": 0,
            "continentalness": 0
          },
          "biome": "heaven:angelic_plains"
        },
        {
          "parameters": {
            "erosion": 0,
            "depth": 0,
            "weirdness": 0,
            "offset": 0,
            "temperature": 0,
            "humidity": -0.5,
            "continentalness": 0
          },
          "biome": "heaven:angelic_forest"
        },
        {
          "parameters": {
            "erosion": 0,
            "depth": 0,
            "weirdness": 0,
            "offset": 0,
            "temperature": 0.4,
            "humidity": 0,
            "continentalness": 0
          },
          "biome": "heaven:floodlands"
        }
      ],
      "type": "minecraft:multi_noise"
    },
    "settings": "heaven:sky",
    "type": "minecraft:noise"
  }
}
