{
  "type": "minecraft:jigsaw",
  "biomes": "minecraft:desert",
  "step": "surface_structures",
  "spawn_overrides": {
    "misc": {
      "bounding_box": "full",
      "spawns": [
        {
          "type": "minecraft:wandering_trader",
          "weight": 1,
          "minCount": 0,
          "maxCount": 0
        }
      ]
    }
  },
  "terrain_adaptation": "beard_thin",
  "start_pool": "minecraft:oasis/base",
  "size": 7,
  "start_height": {
    "type": "minecraft:constant",
    "value": {
      "absolute": 0
    }
  },
  "project_start_to_heightmap": "WORLD_SURFACE_WG",
  "max_distance_from_center": 80,
  "use_expansion_hack": false
}
