{
  "scale": 0.2,
  "effects": {
    "sky_color": 8443903,
	"foliage_color": 5373696,
    "fog_color": 16777215,
	"grass_color": 5373696,
    "water_color": 49151,
    "water_fog_color": 10414079
  },
  "surface_builder": "minecraft:grass",
  "carvers": {
    "air": [
      "minecraft:cave",
      "minecraft:canyon"
    ]
  },
  "features": [
    [],
    [
	"minecraft:lake_water"
	],
    [],
    [],
    [],
    [],
    [
	"heaven:ore_iron_block",
	"heaven:ore_chiseled_quartz_block",
	"heaven:ore_quartz_block",
	"heaven:ore_quartz_bricks"
	],
    [],
    [
	  "heaven:flowers",
	  "heaven:trees",
	  "minecraft:spring_water"
    ],
    []
  ],
  "starts": [
	
  ],
  "spawners": {
    "monster": [],
    "creature": [
      {
        "type": "minecraft:sheep",
        "weight": 12,
        "minCount": 4,
        "maxCount": 4
      },
      {
        "type": "minecraft:pig",
        "weight": 10,
        "minCount": 4,
        "maxCount": 4
      },
      {
        "type": "minecraft:chicken",
        "weight": 10,
        "minCount": 4,
        "maxCount": 4
      },
	  {
        "type": "minecraft:panda",
        "weight": 8,
        "minCount": 3,
        "maxCount": 8
      },
	  {
        "type": "minecraft:cat",
        "weight": 10,
        "minCount": 1,
        "maxCount": 3
      },
	  {
        "type": "minecraft:parrot",
        "weight": 20,
        "minCount": 2,
        "maxCount": 4
      }
    ],
    "ambient": [],
    "water_creature": [],
    "water_ambient": [],
    "misc": []
  },
  "spawn_costs": {},
  "player_spawn_friendly": true,
  "precipitation": "none",
  "temperature": 1,
  "downfall": 1,
  "category": "mushroom",
  "depth": 0.1
}