{
  "noise_caves_enabled": false,
  "deepslate_enabled": false,
  "ore_veins_enabled": false,
  "noodle_caves_enabled": false,
  "min_surface_level": 0,
  "disable_mob_generation": false,
  "aquifers_enabled": false,
  "default_fluid": {
    "Name": "minecraft:air"
  },
  "bedrock_roof_position": -2147483648,
  "bedrock_floor_position": -2147483648,
  "sea_level": 0,
  "structures": {
    "structures": {
		"minecraft:village": {
        "spacing": 32,
        "separation": 8,
        "salt": 34222645
   		 }
    }
  },
  "noise": {
    "simplex_surface_noise": true,
    "random_density_offset": true,
    "size_vertical": 2,
    "density_factor": 0.0,
    "density_offset": 0.0,
    "top_slide": {
      "target": -3200,
      "size": 32,
      "offset": -28
    },
    "bottom_slide": {
      "target": -30,
      "size": 7,
      "offset": 1
    },
    "size_horizontal": 2,
    "min_y": 0,
    "height": 256,
    "sampling": {
      "xz_scale": 3,
      "y_scale": 3,
      "xz_factor": 60.0,
      "y_factor": 180.0
    }
  },
  "default_block": {
    "Name": "minecraft:smooth_quartz"
  }
}