{
  "bedrock_roof_position": 255,
  "bedrock_floor_position": 0,
  "sea_level": 32,
  "disable_mob_generation": false,
  "structures": {
    "structures": {
      "minecraft:ruined_portal": {
        "spacing": 40,
        "separation": 15,
        "salt": 34222645
      },
	  "minecraft:nether_fossil": {
        "spacing": 2,
        "separation": 1,
        "salt": 14357921
      }
	}
  },
  "noise": {
    "density_factor": 0.0,
    "density_offset": 0.01,
    "simplex_surface_noise": true,
    "bottom_slide": {
      "target": 200,
      "size": 4,
      "offset": -1
    },
    "size_horizontal": 2,
    "size_vertical": 2.5,
    "height": 255,
    "sampling": {
      "xz_scale": 1.5,
      "y_scale": 3.0,
      "xz_factor": 80.0,
      "y_factor": 250.0
    },
    "top_slide": {
      "target": -1500,
      "size": 2,
      "offset": -18
    }
  },
  "default_block": {
    "Name": "minecraft:stone"
  },
  "default_fluid": {
    "Properties": {
      "level": "0"
    },
    "Name": "minecraft:water"
  }
}