{
  "type": "hell:hell",
  "generator": {
    "type": "minecraft:noise",
	"seed": 0,
	"biome_source": {
		"seed":0,
		"biomes": [
			{
          "parameters": {
            "altitude": 0.0,
            "weirdness": 0.0,
            "offset": 0.0,
            "temperature": 0.0,
            "humidity": 0.0
          },
          "biome": "hell:dark_stone"
        },
		{
          "parameters": {
            "altitude": 0.0,
            "weirdness": 0.0,
            "offset": 0.0,
            "temperature": 0.5,
            "humidity": 0.0
          },
          "biome": "hell:lava_ocean"
        }
		],
		"humidity_noise": {
        "firstOctave": -7,
        "amplitudes": [
          1.0,
          1.0
        ]
      },
      "altitude_noise": {
        "firstOctave": -7,
        "amplitudes": [
          1.0,
          1.0
        ]
      },
      "weirdness_noise": {
        "firstOctave": -7,
        "amplitudes": [
          1.0,
          1.0
        ]
      },
      "temperature_noise": {
        "firstOctave": -7,
        "amplitudes": [
          1.0,
          1.0
        ]
      },
		"type": "minecraft:multi_noise"
	},
    "settings": "hell:hell"
  }
}