{
  "type": "minecraft:block",
  "pools": [
    {
      "rolls": 1,
      "entries": [
        {
          "type": "minecraft:item",
          "name": "minecraft:cobblestone",
          "conditions": [
            {
              "condition": "minecraft:match_tool",
              "predicate": {
                "enchantments": [
                  {
                    "enchantment": "minecraft:silk_touch",
                    "levels": {
                      "min": 1,
                      "max": 1
                    }
                  }
                ]
              }
            }
          ]
        },
        {
          "type": "minecraft:item",
          "name": "minecraft:cobblestone",
          "conditions": [
            {
              "condition": "minecraft:match_tool",
              "predicate": {
                "items": [
                  "minecraft:wooden_pickaxe"
                ]
              }
            }
          ]
        },
        {
          "type": "minecraft:alternatives",
          "children": [
            {
              "type": "minecraft:item",
              "name": "minecraft:cobblestone"
            },
            {
              "type": "minecraft:item",
              "name": "minecraft:lapis_lazuli",
              "functions": [
                {
                  "function": "minecraft:apply_bonus",
                  "enchantment": "minecraft:fortune",
                  "formula": "minecraft:ore_drops"
                }
              ]
            },
            {
              "type": "minecraft:item",
              "name": "minecraft:redstone",
              "functions": [
                {
                  "function": "minecraft:apply_bonus",
                  "enchantment": "minecraft:fortune",
                  "formula": "minecraft:ore_drops"
                }
              ]
            },
            {
              "type": "minecraft:item",
              "name": "minecraft:diamond",
              "functions": [
                {
                  "function": "minecraft:apply_bonus",
                  "enchantment": "minecraft:fortune",
                  "formula": "minecraft:ore_drops"
                }
              ]
            },
            {
              "type": "minecraft:item",
              "name": "minecraft:emerald",
              "functions": [
                {
                  "function": "minecraft:apply_bonus",
                  "enchantment": "minecraft:fortune",
                  "formula": "minecraft:ore_drops"
                }
              ]
            },
            {
              "type": "minecraft:item",
              "name": "minecraft:coal",
              "functions": [
                {
                  "function": "minecraft:apply_bonus",
                  "enchantment": "minecraft:fortune",
                  "formula": "minecraft:ore_drops"
                }
              ]
            },
            {
              "type": "minecraft:item",
              "name": "minecraft:raw_iron",
              "functions": [
                {
                  "function": "minecraft:apply_bonus",
                  "enchantment": "minecraft:fortune",
                  "formula": "minecraft:ore_drops"
                }
              ]
            },
            {
              "type": "minecraft:item",
              "name": "minecraft:raw_gold",
              "functions": [
                {
                  "function": "minecraft:apply_bonus",
                  "enchantment": "minecraft:fortune",
                  "formula": "minecraft:ore_drops"
                }
              ]
            },
            {
              "type": "minecraft:item",
              "name": "minecraft:raw_copper",
              "functions": [
                {
                  "function": "minecraft:apply_bonus",
                  "enchantment": "minecraft:fortune",
                  "formula": "minecraft:ore_drops"
                }
              ]
            }
          ]
        }
      ]
    }
  ]
}
