{
  "name": "heaven:village/angels/well",
  "fallback": "minecraft:empty",
  "elements": [
    {
      "weight": 150,
      "element": {
        "location": "heaven:village/angels/well/well",
        "processors": "minecraft:empty",
        "projection": "rigid",
        "element_type": "minecraft:legacy_single_pool_element"
      }
    },
    {
      "weight": 70,
      "element": {
        "location": "heaven:village/angels/well/tower",
        "processors": "minecraft:empty",
        "projection": "rigid",
        "element_type": "minecraft:legacy_single_pool_element"
      }
    },
    {
      "weight": 30,
      "element": {
        "location": "heaven:village/angels/well/large_fountain",
        "processors": "minecraft:empty",
        "projection": "rigid",
        "element_type": "minecraft:legacy_single_pool_element"
      }
    }
  ]
}
