{
  "type": "minecraft:tree",
  "config": {
    "ignore_vines": true,
    "force_dirt": false,
    "minimum_size": {
      "type": "minecraft:two_layers_feature_size",
      "min_clipped_height": 4,
      "limit": 0,
      "lower_size": 0,
      "upper_size": 0
    },
    "dirt_provider": {
      "type": "minecraft:weighted_state_provider",
      "entries": [
        {
          "weight": 1,
          "data": {
            "Name": "minecraft:dirt"
          }
        },
        {
          "weight": 1,
          "data": {
            "Name": "minecraft:grass_block",
            "Properties": {
              "snowy": "false"
            }
          }
        },
        {
          "weight": 1,
          "data": {
            "Name": "minecraft:coarse_dirt"
          }
        }
      ]
    },
    "trunk_provider": {
      "type": "minecraft:simple_state_provider",
      "state": {
        "Name": "minecraft:oak_wood",
        "Properties": {
          "axis": "x"
        }
      }
    },
    "foliage_provider": {
      "type": "minecraft:simple_state_provider",
      "state": {
        "Name": "minecraft:grass_block",
        "Properties": {}
      }
    },
    "trunk_placer": {
      "type": "minecraft:bending_trunk_placer",
      "base_height": 0,
      "height_rand_a": 0,
      "height_rand_b": 0,
      "bend_length": {
        "type": "minecraft:uniform",
        "value": {
          "min_inclusive": 4,
          "max_inclusive": 8
        }
      }
    },
    "foliage_placer": {
      "type": "minecraft:pine_foliage_placer",
      "radius": 1,
      "offset": 0,
      "height": 1
    },
    "decorators": []
  }
}
