{
  "name": "heaven:village/flower/terminators",
  "fallback": "minecraft:empty",
  "elements": [
    {
      "weight": 1,
      "element": {
        "location": "minecraft:village/plains/terminators/terminator_01",
        "processors": "minecraft:street_snowy_or_taiga",
        "projection": "terrain_matching",
        "element_type": "minecraft:legacy_single_pool_element"
      }
    },
    {
      "weight": 1,
      "element": {
        "location": "minecraft:village/plains/terminators/terminator_02",
        "processors": "minecraft:street_snowy_or_taiga",
        "projection": "terrain_matching",
        "element_type": "minecraft:legacy_single_pool_element"
      }
    },
    {
      "weight": 1,
      "element": {
        "location": "minecraft:village/plains/terminators/terminator_03",
        "processors": "minecraft:street_snowy_or_taiga",
        "projection": "terrain_matching",
        "element_type": "minecraft:legacy_single_pool_element"
      }
    },
    {
      "weight": 1,
      "element": {
        "location": "minecraft:village/plains/terminators/terminator_04",
        "processors": "minecraft:street_snowy_or_taiga",
        "projection": "terrain_matching",
        "element_type": "minecraft:legacy_single_pool_element"
      }
    }
  ]
}