{
  "scale": 0.05,
  "effects": {
    "sky_color": 8229248,
	"foliage_color": 893734,
    "fog_color": 8229248,
	"grass_color": 893734,
    "water_color": 7583482,
    "water_fog_color": 7583482
  },
  "surface_builder": "minecraft:stone",
  "carvers": {
    "air": [
      "minecraft:cave",
      "minecraft:canyon"
    ]
  },
  "features": [
    [],
    [
	"minecraft:lake_water"
	],
    [
	  "minecraft:monster_room"
	],
    [],
    [],
    [],
    [
	"minecraft:ore_dirt",
      "minecraft:ore_gravel",
      "minecraft:ore_granite",
      "minecraft:ore_diorite",
      "minecraft:ore_andesite",
	  "minecraft:ore_emerald",
      "minecraft:ore_coal",
      "minecraft:ore_iron",
      "minecraft:ore_gold",
      "minecraft:ore_redstone",
      "minecraft:ore_diamond",
      "minecraft:ore_lapis",
      "minecraft:disk_sand",
      "minecraft:disk_clay",
      "minecraft:disk_gravel"
	],
    [],
    [
	  "minecraft:spring_water",
	  "minecraft:spring_lava"
    ],
    []
  ],
  "starts": [
	"minecraft:ruined_portal"
  ],
  "spawners": {
    "monster": [
	  {
        "type": "minecraft:spider",
        "weight": 100,
        "minCount": 4,
        "maxCount": 4
      },
      {
        "type": "minecraft:zombie",
        "weight": 95,
        "minCount": 4,
        "maxCount": 4
      },
      {
        "type": "minecraft:zombie_villager",
        "weight": 5,
        "minCount": 1,
        "maxCount": 1
      },
      {
        "type": "minecraft:skeleton",
        "weight": 100,
        "minCount": 4,
        "maxCount": 4
      },
      {
        "type": "minecraft:creeper",
        "weight": 100,
        "minCount": 4,
        "maxCount": 4
      },
      {
        "type": "minecraft:slime",
        "weight": 100,
        "minCount": 4,
        "maxCount": 4
      },
      {
        "type": "minecraft:enderman",
        "weight": 10,
        "minCount": 1,
        "maxCount": 4
      },
      {
        "type": "minecraft:witch",
        "weight": 5,
        "minCount": 1,
        "maxCount": 1
      }
	],
    "creature": [],
    "ambient": [
	{
        "type": "minecraft:bat",
        "weight": 1,
        "minCount": 4,
        "maxCount": 4
      }
	],
    "water_creature": [],
    "water_ambient": [],
    "misc": []
  },
  "spawn_costs": {},
  "player_spawn_friendly": true,
  "precipitation": "none",
  "temperature": 1,
  "downfall": 1,
  "category": "none",
  "depth": 0.1
}