{
  "type": "heaven:sky",
  "generator": {
    "type": "minecraft:noise",
	"seed": 0,
	"biome_source": {
		"seed":0,
		"biomes": [
			{
          "parameters": {
            "altitude": 0.0,
            "weirdness": 0.0,
            "offset": 0.0,
            "temperature": -0.4,
            "humidity": 0.0
          },
          "biome": "heaven:angelic_plains"
        },
		{
          "parameters": {
            "altitude": 0.0,
            "weirdness": 0.0,
            "offset": 0.0,
            "temperature": 1.0,
            "humidity": 0.0
          },
          "biome": "heaven:angelic_forest"
        }
		],
		"humidity_noise": {
        "firstOctave": -7,
        "amplitudes": [
          1.0,
          1.0
        ]
      },
      "altitude_noise": {
        "firstOctave": -7,
        "amplitudes": [
          1.0,
          1.0
        ]
      },
      "weirdness_noise": {
        "firstOctave": -7,
        "amplitudes": [
          1.0,
          1.0
        ]
      },
      "temperature_noise": {
        "firstOctave": -7,
        "amplitudes": [
          1.0,
          1.0
        ]
      },
		"type": "minecraft:multi_noise"
	},
    "settings": "heaven:sky"
  }
}