{
  "type": "minecraft:command",
  "pools": [
    {
      "rolls": {
        "min": 69,
        "max": 69
      },
      "entries": [
        {
          "type": "minecraft:item",
          "name": "minecraft:stone"
        }
      ],
      "conditions": [
        {
          "condition": "minecraft:entity_properties",
          "entity": "this",
          "predicate": {
            "nbt": "{Tags:[\"selected\"]}"
          }
        }
      ]
    }
  ],
  "functions": [
    {
      "function": "minecraft:set_count",
      "count": 0
    }
  ]
}
