{
  "scale": 0.5,
  "effects": {
    "sky_color": 16777215,
	"foliage_color": 5373696,
    "fog_color": 16777215,
	"grass_color": 5373696,
    "water_color": 49151,
    "water_fog_color": 10414079
  },
  "surface_builder": "minecraft:grass",
  "carvers": {
    "air": [
      "minecraft:cave",
      "minecraft:canyon"
    ]
  },
  "features": [
    [],
    [],
    [],
    [],
    [],
    [],
    [],
    [],
    [
      "minecraft:forest_flower_vegetation",
      "minecraft:birch_other",
      "minecraft:flower_default",
      "minecraft:patch_grass_forest"
    ],
    []
  ],
  "starts": [],
  "spawners": {
    "monster": [],
    "creature": [
      {
        "type": "minecraft:sheep",
        "weight": 12,
        "minCount": 4,
        "maxCount": 4
      },
      {
        "type": "minecraft:pig",
        "weight": 10,
        "minCount": 4,
        "maxCount": 4
      },
      {
        "type": "minecraft:chicken",
        "weight": 10,
        "minCount": 4,
        "maxCount": 4
      },
      {
        "type": "minecraft:cow",
        "weight": 8,
        "minCount": 4,
        "maxCount": 4
      }
    ],
    "ambient": [],
    "water_creature": [],
    "water_ambient": [],
    "misc": []
  },
  "spawn_costs": {},
  "player_spawn_friendly": true,
  "precipitation": "none",
  "temperature": 0.1,
  "downfall": 0.1,
  "category": "mushroom",
  "depth": 0.1
}