{
  "pools": [
    {
      "rolls": {
        "min": 2,
        "max": 15
      },
      "bonus_rolls": {
        "min": 0,
        "max": 6.4
      },
      "entries": [
        {
          "type": "item",
          "name": "minecraft:emerald",
          "weight": 3,
          "functions": [
            {
              "function": "set_count",
              "count": {
                "min": 1,
                "max": 20
              }
            }
          ]
        },
        {
          "type": "item",
          "name": "minecraft:flint",
          "weight": 2,
          "functions": [
            {
              "function": "set_count",
              "count": {
                "min": 1,
                "max": 21
              }
            }
          ]
        },
        {
          "type": "item",
          "name": "minecraft:leather",
          "weight": 2,
          "functions": [
            {
              "function": "set_count",
              "count": {
                "min": 1,
                "max": 21
              }
            }
          ]
        },
        {
          "type": "item",
          "name": "minecraft:rabbit_hide",
          "weight": 1,
          "functions": [
            {
              "function": "set_count",
              "count": {
                "min": 1,
                "max": 17
              }
            }
          ]
        },
        {
          "type": "item",
          "name": "minecraft:saddle",
          "weight": 2
        },
        {
          "type": "item",
          "name": "minecraft:painting",
          "weight": 1
        },
        {
          "type": "item",
          "name": "minecraft:shears",
          "weight": 1
        },
        {
          "type": "item",
          "name": "minecraft:air",
          "weight": 2
        }
      ]
    }
  ]
}