{
  "pools": [
    {
      "rolls": {
        "min": 2,
        "max": 15
      },
      "bonus_rolls": {
        "min": 0,
        "max": 6.4
      },
      "entries": [
        {
          "type": "item",
          "name": "minecraft:emerald",
          "weight": 3,
          "functions": [
            {
              "function": "set_count",
              "count": {
                "min": 1,
                "max": 20
              }
            }
          ]
        },
        {
          "type": "item",
          "name": "minecraft:coal",
          "weight": 4,
          "functions": [
            {
              "function": "set_count",
              "count": {
                "min": 1,
                "max": 21
              }
            }
          ]
        },
        {
          "type": "item",
          "name": "minecraft:diamond",
          "weight": 1,
          "functions": [
            {
              "function": "set_count",
              "count": {
                "min": 1,
                "max": 5
              }
            }
          ]
        },
        {
          "type": "item",
          "name": "minecraft:iron_sword",
          "weight": 3
        },
        {
          "type": "item",
          "name": "minecraft:iron_axe",
          "weight": 2
        },
        {
          "type": "item",
          "name": "minecraft:diamond_axe",
          "weight": 1,
          "functions": [
            {
              "function": "enchant_with_levels",
              "treasure": true,
              "levels": {
                "min": 28,
                "max": 50
              }
            }
          ]
        },
        {
          "type": "item",
          "name": "minecraft:diamond_sword",
          "weight": 1,
          "functions": [
            {
              "function": "enchant_with_levels",
              "treasure": true,
              "levels": {
                "min": 26,
                "max": 50
              }
            }
          ]
        },
        {
          "type": "item",
          "name": "minecraft:netherite_axe",
          "weight": 1,
          "functions": [
            {
              "function": "enchant_with_levels",
              "treasure": true,
              "levels": {
                "min": 6,
                "max": 24
              }
            }
          ]
        },
        {
          "type": "item",
          "name": "minecraft:netherite_sword",
          "weight": 1,
          "functions": [
            {
              "function": "enchant_with_levels",
              "treasure": true,
              "levels": {
                "min": 12,
                "max": 25
              }
            }
          ]
        },
        {
          "type": "item",
          "name": "minecraft:bell",
          "weight": 1
        },
        {
          "type": "item",
          "name": "minecraft:flint",
          "weight": 3,
          "functions": [
            {
              "function": "set_count",
              "count": {
                "min": 1,
                "max": 11
              }
            }
          ]
        },
        {
          "type": "item",
          "name": "minecraft:iron_ingot",
          "weight": 2,
          "functions": [
            {
              "function": "set_count",
              "count": {
                "min": 1,
                "max": 12
              }
            }
          ]
        },
        {
          "type": "item",
          "name": "minecraft:air",
          "weight": 4,
          "functions": [
            {
              "function": "set_count",
              "count": {
                "min": 1,
                "max": 1
              }
            }
          ]
        }
      ]
    }
  ]
}